{"Message":"Hello Neutronium Vue!!", "CurrentMenuView":null,"Children":[{"Name":"About","Descriptor":null}],"SubMenu":[{"Name":"Pages","Descriptor":"Pages","Expanded":false,"Children":[{"Name":"Page1","Descriptor":null},{"Name":"Page2","Descriptor":null}],"SubMenu":[]}],"Navigate":{"CanExecuteValue":true,"CanExecuteCount":1},"__window__":{"State":{"intValue":1,"displayName":"Opened","name":"Opened","type":"WindowLogicalState"},"IsListeningOpen":false,"IsListeningClose":false,"CloseReady":{"CanExecuteValue":true,"CanExecuteCount":1},"EndOpen":{"CanExecuteValue":true,"CanExecuteCount":1}}}