﻿{
 "en-US":{
        "Resource":{
            "About1":"Complete Neutronium Vue Demo",
            "About2":"Including Ioc, navigation (vue-router) internalization (vue-i18n) and chromeless window",
            "About3":"Made with vuetify framework",
            "Cancel":"Cancel",
            "Completed":"Completed",
            "ConfirmationNeeded":"Confirmation needed",
            "DoYouWantToCloseApplication":"Do you want to close application?",
            "DoYouWantToRestartApplication":"Do you want to restart application?",
            "GoToAboutSection":"Go To About Section",
            "MadeBy":"made by",
            "Menu_about":"About",
            "Menu_main":"Main",
            "Ok":"Ok",
            "ProjectDescription":"Neutronium Vue SPA Template including IoC, routing and internalization",
            "Restart":"Restart",
            "ToDo":"To Do",
            "ToDoList":"ToDo List",
            "WhatNeedsToBeDone":"What needs to be done?"
        }
    }
}
